model;exact_match;f1
nejox/autotrain-mai_nlp_project-2768781885;3.2110091743119265;32.08267121106918
nejox/autotrain-nlp_distilbert-2772181933;0.764525993883792;12.30315858396267
nejox/autotrain-nlp_roberta-2771481922;7.492354740061162;56.36955121019526
nejox/distilbert-base-uncased-distilled-squad-coffee20230108;57.03363914373089;66.39167117886095
nejox/distilbert-base-cased-distilled-squad-coffee20230108;55.198776758409785;66.3379657433038
nejox/roberta-base-squad2-coffee20230108;59.78593272171254;68.33127881489176
nejox/roberta-base-coffee20230108;57.186544342507645;66.66854180816296
nejox/bert-base-cased-squad2-coffee20230108;55.81039755351682;67.60133750845614
