model;exact_match;f1
nejox/distilbert-base-uncased-distilled-squad-coffee20230108;57.03363914373089;66.39167117886095
nejox/distilbert-base-cased-distilled-squad-coffee20230108;55.198776758409785;66.3379657433038
nejox/roberta-base-squad2-coffee20230108;59.78593272171254;68.33127881489176
nejox/roberta-base-coffee20230108;57.186544342507645;66.66854180816296
nejox/bert-base-cased-squad2-coffee20230108;55.81039755351682;67.60133750845614
nejox/bert-base-cased-coffee20230113;52.44648318042813;60.656513836262825
nejox/bert-base-uncased-coffee20230113;54.58715596330275;61.71301524785294
