model;exact_match;f1
deepset/roberta-base-squad2;27.522935779816514;58.311381804716326
distilbert-base-cased-distilled-squad;20.948012232415902;49.62910910952855
distilbert-base-uncased-distilled-squad;21.10091743119266;49.88684688694899
deepset/bert-base-cased-squad2;22.01834862385321;52.30568680686507
roberta-base;0.1529051987767584;14.602016713233057
bert-base-uncased;0.3058103975535168;10.3700504733269
bert-base-cased;0.45871559633027525;13.213586405380703
